insert into tag (id, name, color, event_id) values (1, 'Alphazap', 'Puce', 1);
insert into tag (id, name, color, event_id) values (2, 'Cardguard', 'Red', 2);
insert into tag (id, name, color, event_id) values (3, 'Job', 'Aquamarine', 3);
insert into tag (id, name, color, event_id) values (4, 'Konklab', 'Red', 4);
insert into tag (id, name, color, event_id) values (5, 'Quo Lux', 'Green', 5);
insert into tag (id, name, color, event_id) values (6, 'Prodder', 'Green', 6);
insert into tag (id, name, color, event_id) values (7, 'Viva', 'Fuscia', 7);
insert into tag (id, name, color, event_id) values (8, 'Matsoft', 'Violet', 8);
insert into tag (id, name, color, event_id) values (9, 'Redhold', 'Puce', 9);
insert into tag (id, name, color, event_id) values (10, 'Voltsillam', 'Aquamarine', 10);
insert into tag (id, name, color, event_id) values (11, 'Quo Lux', 'Crimson', 11);
insert into tag (id, name, color, event_id) values (12, 'Latlux', 'Blue', 12);
insert into tag (id, name, color, event_id) values (13, 'Trippledex', 'Purple', 13);
insert into tag (id, name, color, event_id) values (14, 'Trippledex', 'Blue', 14);
insert into tag (id, name, color, event_id) values (15, 'Wrapsafe', 'Maroon', 15);
insert into tag (id, name, color, event_id) values (16, 'Alphazap', 'Pink', 16);
insert into tag (id, name, color, event_id) values (17, 'Fintone', 'Fuscia', 17);
insert into tag (id, name, color, event_id) values (18, 'Wrapsafe', 'Green', 18);
insert into tag (id, name, color, event_id) values (19, 'Sonair', 'Orange', 19);
insert into tag (id, name, color, event_id) values (20, 'Asoka', 'Fuscia', 20);


insert into autherised_user (user_id, name, surname, nickname, password, email, date_registered, last_Seen, birth_date, url, status, is_admin, photo_path) values (1, 'Heddi', 'Minichillo', 'hminichillo0', '3JZ7phQwF', 'hminichillo0@qq.com', '10/5/2022', '10/21/2022', '5/30/1971', 'profile page url', 'massa volutpat convallis morbi odio odio elementum eu interdum eu tincidunt in', false, 'data:image/png;base64,iVBORw0KGgoAAAANSUhEUgAAABAAAAAQCAYAAAAf8/9hAAAABGdBTUEAAK/KZSURBVDjLpVPdS5NRGP+97tVpw9nm5tpShiSsFhMMImiCQlAOk+im7Ma6UKK86g+oCMKwgi66CLuQ7rqqBRVRQS2aFIFeCA7xQjC3qbkcus/345zTc5aNoqALX3h4znPO+X085z1HEU');
insert into autherised_user (user_id, name, surname, nickname, password, email, date_registered, last_Seen, birth_date, url, status, is_admin, photo_path) values (2, 'Sonni', 'Doogan', 'sdoogan1', 'TzHLPf', 'sdoogan1@angelfire.com', '10/5/2022', '10/25/2022', '7/1/1967', 'profile page url', 'ante ipsum primis in faucibus orci luctus et ultrices posuere cubilia curae nulla dapibus dolor vel est donec odio justo', true, 'data:image/png;base64,iVBORw0KGgoAAAANSUhEUgAAABAAAAAQCAYAAAAf8/9hAAAABGdBTUEAAK/GASURBVDjLxVO7agJRED3XN4gPkEWwET/AysoqoE3+wcIPCEvEVsgnhJXgF4j+QraJLFjkAyxEsFCwsBYU32bPyF7WkEDAIs');
insert into autherised_user (user_id, name, surname, nickname, password, email, date_registered, last_Seen, birth_date, url, status, is_admin, photo_path) values (3, 'Fons', 'Bavin', 'fbavin2', '7UHNVxcrgB', 'fbavin2@stumbleupon.com', '10/5/2022', '10/13/2022', '3/2/1970', 'profile page url', 'sapien a libero nam dui proin leo odio porttitor id consequat in consequat', true, 'data:image/png;base64,iVBORw0KGgoAAAANSUhEUgAAABAAAAAQCAYAAAAf8/9hAAAABGdBTUEAAK/JpSURBVDjLpZNNSJRhEMd/z7vr9m7t2oopZl/UoVWpQ0RC0EFL6FAQ4a0OXbrVLaJDEdStjhEUFQVBHaIuSocIomtWJvYFRhb51eqaH7vu7vu8zzvTQbENvDkwDAzMj+E//zGqymrCY5URBx');
insert into autherised_user (user_id, name, surname, nickname, password, email, date_registered, last_Seen, birth_date, url, status, is_admin, photo_path) values (4, 'Arin', 'Malarkey', 'amalarkey3', 'HbcArCz2IH', 'amalarkey3@marriott.com', '10/3/2022', '10/11/2022', '4/10/2013', 'profile page url', 'iaculis diam erat fermentum justo nec condimentum neque sapien placerat', false, 'data:image/png;base64,iVBORw0KGgoAAAANSUhEUgAAABAAAAAQCAYAAAAf8/9hAAAABGdBTUEAAK/NsSURBVDjLdZNrTNNnGMWb+M3wRaObc/plSxYToiZzc94quCGCVRfMnwYtUiyuUhUQKqtcCmhatAgEaKlcBNFSBYQ5lSIgQ0GFttRCL0BBoAVUVFKo/UtLBXJsiZp5+3CS98N7fjnnyf');
insert into autherised_user (user_id, name, surname, nickname, password, email, date_registered, last_Seen, birth_date, url, status, is_admin, photo_path) values (5, 'Jeth', 'Munkley', 'jmunkley4', 'pYuzuOcBBNb', 'jmunkley4@comcast.net', '10/4/2022', '10/18/2022', '12/25/2008', 'profile page url', 'dolor vel est donec odio justo sollicitudin ut suscipit a feugiat et eros vestibulum ac est', false, 'data:image/png;base64,iVBORw0KGgoAAAANSUhEUgAAABAAAAAQCAYAAAAf8/9hAAAABGdBTUEAAK/H8SURBVDjLjZPLaxNRFIfHLrpx10WbghXxH7DQx6p14cadiCs31Y2LLizYhdBFWyhYaFUaUxLUQFCxL61E+0gofWGLRUqGqoWp2JpGG8g4ybTJJJm8689');
insert into autherised_user (user_id, name, surname, nickname, password, email, date_registered, last_Seen, birth_date, url, status, is_admin, photo_path) values (6, 'Yolanda', 'Martinson', 'ymartinson5', 'eYZtk9yc', 'ymartinson5@gizmodo.com', '10/5/2022', '10/18/2022', '7/7/1973', 'profile page url', 'nisl aenean lectus pellentesque eget nunc donec quis orci eget orci vehicula condimentum', true, 'data:image/png;base64,iVBORw0KGgoAAAANSUhEUgAAABAAAAAQCAYAAAAf8/9hAAAABGdBTUEAAK/JcSURBVDjLjZJNSFRRFIC/N29m1PEHNSUc/5WUoj+zAXe6ctmiQNtEFIWLoAhXbYcWkZCge2vTqghKyk2oREVa1hAI6SINQhpRGs3Gee++e0+LGZ9jtuhw');
insert into autherised_user (user_id, name, surname, nickname, password, email, date_registered, last_Seen, birth_date, url, status, is_admin, photo_path) values (7, 'Gerick', 'Monnelly', 'gmonnelly6', 'SDAfzq3N', 'gmonnelly6@unc.edu', '10/7/2022', '10/19/2022', '5/16/1992', 'profile page url', 'feugiat non pretium quis lectus suspendisse potenti in eleifend quam a odio in', false, 'data:image/png;base64,iVBORw0KGgoAAAANSUhEUgAAABAAAAAQCAYAAAAf8/9hAAAABGdBTUEAAK/MLSURBVDjLXZNbSBRRHMaHSHrpKehCYTch06AoTEiyy0MPEVFIUbYkqOFmgoZZBK2uli3VlrHeVitzUzPqoTT00VoqLe1CIomL3XPD3dnZ2ZnZcXac2fk6M+VY/eF3OPzP//vg');
insert into autherised_user (user_id, name, surname, nickname, password, email, date_registered, last_Seen, birth_date, url, status, is_admin, photo_path) values (8, 'Chaddie', 'Bernardet', 'cbernardet7', 'MrsN1ike', 'cbernardet7@imgur.com', '10/3/2022', '10/13/2022', '6/1/2000', 'profile page url', 'justo etiam pretium iaculis justo in hac habitasse platea dictumst etiam faucibus cursus', false, 'data:image/png;base64,iVBORw0KGgoAAAANSUhEUgAAABAAAAAQCAYAAAAf8/9hAAAABGdBTUEAAK/JQSURBVDjLpVNNaBNBFH6RTVNimmQtpg1EpCFVXONPTD1UViQeoihIPXgXURTFXjyKiAh6EkFEFCweCiKIh4IWWqihULC2aRpqC62bSlqRQjZ6CEm6OzOb9');
insert into autherised_user (user_id, name, surname, nickname, password, email, date_registered, last_Seen, birth_date, url, status, is_admin, photo_path) values (9, 'Silvano', 'Mudd', 'smudd8', 'JXbttY5Uyln', 'smudd8@vk.com', '10/5/2022', '10/26/2022', '4/24/1969', 'profile page url', 'amet cursus id turpis integer aliquet massa id lobortis convallis tortor risus dapibus', true, 'data:image/png;base64,iVBORw0KGgoAAAANSUhEUgAAABAAAAAQCAYAAAAf8/9hAAAABGdBTUEAAK/H5SURBVDjLpZK/a5NhEMe/748kRqypmqQQgz/oUPUPECpCoEVwyNStIA6COFR33boIjg6mg4uL0k0EO1RFISKImkHQxlbQRAsx0dgKJm/e53nunnOwViR5leJnuZs+973jHBHB/+D/+++//EtQ7n0/sOTe0/+/+');
insert into autherised_user (user_id, name, surname, nickname, password, email, date_registered, last_Seen, birth_date, url, status, is_admin, photo_path) values (10, 'Morgen', 'Diperaus', 'mdiperaus9', 'LwnOnfcEt', 'mdiperaus9@jugem.jp', '10/7/2022', '10/20/2022', '7/1/1991', 'profile page url', 'pharetra magna ac consequat metus sapien ut nunc vestibulum ante ipsum primis in faucibus orci luctus et ultrices posuere', false, 'data:image/png;base64,iVBORw0KGgoAAAANSUhEUgAAABAAAAAQCAYAAAAf8/9hAAAABGdBTUEAAK/IiSURBVDjLpdNdSFNhGAdw6baL7qUuuonA6Cojoiw6qwth0VUsDIxKggohIXGtpA+1DxQhwoltsXKjNpbruC9q5jypMwf2sdlqbc120ixzfqzV8L');
insert into autherised_user (user_id, name, surname, nickname, password, email, date_registered, last_Seen, birth_date, url, status, is_admin, photo_path) values (11, 'Abdel', 'Putten', 'aputtena', 'DU6v1vdv0t', 'aputtena@skype.com', '10/4/2022', '10/15/2022', '2/21/1961', 'profile page url', 'nascetur ridiculus mus vivamus vestibulum sagittis sapien cum sociis natoque penatibus et magnis dis parturient montes', true, 'data:image/png;base64,iVBORw0KGgoAAAANSUhEUgAAABAAAAAQCAYAAAAf8/9hAAAABGdBTUEAAK/JUSURBVDjLpVPNaxNBFP8lqY1JSJOGFBtSU11BaEulUUFB7EUalB70kINCQfBv8FgNgvRUJCdPUj36FxgqKahpi18NSQXBikRbE6UfYpNtsruzO+ubTTa/');
insert into autherised_user (user_id, name, surname, nickname, password, email, date_registered, last_Seen, birth_date, url, status, is_admin, photo_path) values (12, 'Mame', 'Portch', 'mportchb', 'liLZ6WRhYM', 'mportchb@amazon.de', '10/6/2022', '10/30/2022', '1/29/2011', 'profile page url', 'dolor morbi vel lectus in quam fringilla rhoncus mauris enim leo rhoncus sed vestibulum', true, 'data:image/png;base64,iVBORw0KGgoAAAANSUhEUgAAABAAAAAQCAYAAAAf8/9hAAAABGdBTUEAAK/HwSURBVDjLpZM9a1RBFIafM/fevfcmC7uQjWEjUZKAYBHEVEb/gIWFjVVSWEj6gI0/wt8gprPQykIsTP5BQLAIhBVBzRf52Gw22bk7c8YiZslugggZppuZ55z3nfdICIHrrBhg+ePaa1WZPyk0s+6KWwM1');
insert into autherised_user (user_id, name, surname, nickname, password, email, date_registered, last_Seen, birth_date, url, status, is_admin, photo_path) values (13, 'Hobey', 'Passler', 'hpasslerc', 'APtUOoadJMi', 'hpasslerc@bloglines.com', '10/6/2022', '10/16/2022', '9/1/1998', 'profile page url', 'pellentesque quisque porta volutpat erat quisque erat eros viverra eget congue', true, 'data:image/png;base64,iVBORw0KGgoAAAANSUhEUgAAABAAAAAQCAYAAAAf8/9hAAAABGdBTUEAAK/JhSURBVDjLdZPda85hGMc/v+f5Pc8e2wE2QtiMyZh5K4RSpCkHxJnkSElOxJFy4kDyF3DopR15yUst2pRpJw4cSJLETCTb0mxre57f775eHPyevdBcdXfV3X19ru/36rojd+fwuZtt7n7PYQRnt+O4A++/////+/++iWE7x71UVj//bxZ+4+=');
insert into autherised_user (user_id, name, surname, nickname, password, email, date_registered, last_Seen, birth_date, url, status, is_admin, photo_path) values (14, 'Kippy', 'Juris', 'kjurisd', 'v39vTDY', 'kjurisd@smugmug.com', '10/2/2022', '10/22/2022', '6/26/1960', 'profile page url', 'volutpat convallis morbi odio odio elementum eu interdum eu tincidunt in leo maecenas pulvinar lobortis est phasellus sit amet', false, 'data:image/png;base64,iVBORw0KGgoAAAANSUhEUgAAABAAAAAQCAYAAAAf8/9hAAAABGdBTUEAAK/HVSURBVDjLjZPLaiJBFIZNHmJWCeQdMuT1Mi/gYlARBRUkao+abHUhmhgU0QHtARVxJ0bxhvfGa07Of5Iu21yYFPyLrqrz1f');
insert into autherised_user (user_id, name, surname, nickname, password, email, date_registered, last_Seen, birth_date, url, status, is_admin, photo_path) values (15, 'Caro', 'Singleton', 'csingletone', 'Xbzmg3r', 'csingletone@huffingtonpost.com', '10/4/2022', '10/24/2022', '8/7/1961', 'profile page url', 'a suscipit nulla elit ac nulla sed vel enim sit', false, 'data:image/png;base64,iVBORw0KGgoAAAANSUhEUgAAABAAAAAQCAYAAAAf8/9hAAAABGdBTUEAAK/HlSURBVDjLpVPLShxBFD3T3WOUUUGYByhkI+50o6Bmo3ErAVG3Qvb5giyThets8gmC+DYQzEaGBMUnBhQRJAEXQuZJ8Mlodz28t6rbGY2b4IXqU1XcOvfc01UxrTWeEx5/ptbOssQzILVylVKQChCMkucagrA6JKTQtK+uJyc6Gg2B0npwvLfJ+Z/KH2Z+J+/+/+/+Q6ZHT+==');
insert into autherised_user (user_id, name, surname, nickname, password, email, date_registered, last_Seen, birth_date, url, status, is_admin, photo_path) values (16, 'Truda', 'Daouse', 'tdaousef', 'BDxHfMRw', 'tdaousef@usatoday.com', '10/5/2022', '10/21/2022', '7/17/1999', 'profile page url', 'elementum ligula vehicula consequat morbi a ipsum integer a nibh in quis justo maecenas', true, 'data:image/png;base64,iVBORw0KGgoAAAANSUhEUgAAABAAAAAQCAYAAAAf8/9hAAAABGdBTUEAAK/KxSURBVDjLdZNfSFNRHMc3FVNEBTWFFH0wTAVf9NEeiiLNh+ohKZIykKSHegssJXqZVFbiKsOUNAkhMu7wz8zgqjk3LndbOnVuorPdbboZsc0/zKs4+XbOdU4jPfC9v3PO73w/53cu58gAyKhIk+/++/YAAAAABJRU5ErkJggg==');
insert into autherised_user (user_id, name, surname, nickname, password, email, date_registered, last_Seen, birth_date, url, status, is_admin, photo_path) values (17, 'Burr', 'MacAnellye', 'bmacanellyeg', 'g4JykWT9Z', 'bmacanellyeg@squidoo.com', '10/5/2022', '10/23/2022', '10/19/1976', 'profile page url', 'dapibus duis at velit eu est congue elementum in hac habitasse', false, 'data:image/png;base64,iVBORw0KGgoAAAANSUhEUgAAABAAAAAQCAYAAAAf8/9hAAAABGdBTUEAAK/JtSURBVDjLjdNNSJRBHMfx7zzP7uKTGtLqSoeCCEKigiBQI0qkpEuHTp4svXjyYp2COhedDTok9g577aAlhtUhPBi+RLVlaBhr69uumuvus8/M/DusbikdnNvAzPDhP7+fEhHGx8cv/+Tyq');
insert into autherised_user (user_id, name, surname, nickname, password, email, date_registered, last_Seen, birth_date, url, status, is_admin, photo_path) values (18, 'Griff', 'Vaszoly', 'gvaszolyh', 'zZbKF3ouMf5k', 'gvaszolyh@blogtalkradio.com', '10/7/2022', '10/15/2022', '3/6/1970', 'profile page url', 'eu orci mauris lacinia sapien quis libero nullam sit amet turpis elementum ligula vehicula consequat morbi a ipsum integer a', true, 'data:image/png;base64,iVBORw0KGgoAAAANSUhEUgAAABAAAAAQCAYAAAAf8/9hAAAABGdBTUEAAK/BIG/KROKHVOPF8X5rCeIv1BuMMK1GOI02nyZsiH769DVcBYXRsrWzGeocTz1x2ht0VtXxKj/Jl+v1y0dCg/vVMl4daXKg');
insert into autherised_user (user_id, name, surname, nickname, password, email, date_registered, last_Seen, birth_date, url, status, is_admin, photo_path) values (19, 'Olly', 'Cannon', 'ocannoni', 'DDvhooOxf', 'ocannoni@spotify.com', '10/5/2022', '10/30/2022', '3/23/1992', 'profile page url', 'eget eros elementum pellentesque quisque porta volutpat erat quisque erat eros viverra eget congue eget semper rutrum nulla nunc', true, 'data:image/png;base64,iVBORw0KGgoAAAANSUhEUgAAABAAAAAQCAYAAAAf8/9hAAAABGdBTUEAAK/+StHUkxruBPY+0KY8f38oWX/byvNAdluHNLeOxDB+uyQQfPCWZ3NT69BYJWkjxjnB1o9Fv/ASQ5s+ABz8i2AAAAAElFTkSuQmCC');
insert into autherised_user (user_id, name, surname, nickname, password, email, date_registered, last_Seen, birth_date, url, status, is_admin, photo_path) values (20, 'Ulberto', 'Skedge', 'uskedgej', '9oc7AOA0NURJ', 'uskedgej@harvard.edu', '10/2/2022', '10/15/2022', '8/22/1966', 'profile page url', 'interdum mauris ullamcorper purus sit amet nulla quisque arcu libero rutrum ac lobortis vel dapibus at diam nam tristique', true, 'data:image/png;base64,iVBORw0KGgoAAAANSUhEUgAAABAAAAAQCAYAAAAf8/9hAAAABGdBTUEAAK/xtj6g96fXTpPmtUIcEiedj5PLhQIShTHiyw6N+/zdxuGro3uMwpf+/sQnDg0Jp+wram5p62xp4ZajgDxnOwLBuU5OArcSCxZEJwGn');

insert into event (event_id, name, description, start_date, location, schedule) values (1, 'Dia da Universidade', 'description of the event', '6/16/2022', 'Nesebar', 'event specification');
insert into event (event_id, name, description, start_date, location, schedule) values (2, 'Planta o Futuro', 'description of the event', '3/4/2022', 'Chon Buri', 'event specification');
insert into event (event_id, name, description, start_date, location, schedule) values (3, 'Mostra da U.Porto', 'description of the event', '8/13/2022', 'Bouças', 'event specification');
insert into event (event_id, name, description, start_date, location, schedule) values (4, 'Planta o Futuro', 'description of the event', '6/8/2022', 'El Hajeb', 'event specification');
insert into event (event_id, name, description, start_date, location, schedule) values (5, 'Eventos das faculdades', 'description of the event', '7/20/2022', 'Xinji', 'event specification');
insert into event (event_id, name, description, start_date, location, schedule) values (6, 'Tomorrow Summit 2020', 'description of the event', '5/13/2022', 'Panggulan', 'event specification');
insert into event (event_id, name, description, start_date, location, schedule) values (7, 'Eventos das faculdades', 'description of the event', '3/10/2022', 'Khorramdarreh', 'event specification');
insert into event (event_id, name, description, start_date, location, schedule) values (8, 'Eventos das faculdades', 'description of the event', '8/9/2022', 'Wucheng', 'event specification');
insert into event (event_id, name, description, start_date, location, schedule) values (9, 'Tomorrow Summit 2020', 'description of the event', '6/25/2022', 'Leworook', 'event specification');
insert into event (event_id, name, description, start_date, location, schedule) values (10, 'Eventos estudantis', 'description of the event', '6/27/2022', 'Chezhan', 'event specification');
insert into event (event_id, name, description, start_date, location, schedule) values (11, 'XIV Edição da Semana da Saúde', 'description of the event', '2/13/2022', 'Chatian', 'event specification');
insert into event (event_id, name, description, start_date, location, schedule) values (12, 'XIV Edição da Semana da Saúde', 'description of the event', '8/13/2022', 'Concepción', 'event specification');
insert into event (event_id, name, description, start_date, location, schedule) values (13, 'Pitch Bootcamp FAP', 'description of the event', '8/6/2022', 'Zhangzhu', 'event specification');
insert into event (event_id, name, description, start_date, location, schedule) values (14, 'Sessão de boas-vindas', 'description of the event', '8/13/2022', 'Mauraro', 'event specification');
insert into event (event_id, name, description, start_date, location, schedule) values (15, 'eflexARTE', 'description of the event', '7/27/2022', 'Ciwidara', 'event specification');
insert into event (event_id, name, description, start_date, location, schedule) values (16, 'Queima das Fitas do Porto 2020', 'description of the event', '9/4/2022', 'Livramento do Brumado', 'event specification');
insert into event (event_id, name, description, start_date, location, schedule) values (17, 'Escola de Líderes Diogo VasconcelosFAP', 'description of the event', '9/10/2022', 'Tanahwangko', 'event specification');
insert into event (event_id, name, description, start_date, location, schedule) values (18, 'Pitch Bootcamp FAP', 'description of the event', '10/30/2022', 'Batasan', 'event specification');
insert into event (event_id, name, description, start_date, location, schedule) values (19, 'Universidade Júnior', 'description of the event', '5/4/2022', 'Pulosari', 'event specification');
insert into event (event_id, name, description, start_date, location, schedule) values (20, 'Tomorrow Summit 2020', 'description of the event', '1/9/2022', 'Salimbalan', 'event specification');

insert into poll (id, title, content, starts_at, end_at, event_id) values (1, '8/8/2022', 'Durable Medical Equipment', '9/19/2022', '4/10/2022', 1);
insert into poll (id, title, content, starts_at, end_at, event_id) values (2, '12/5/2021', 'TCA', '10/19/2022', '5/9/2022', 2);
insert into poll (id, title, content, starts_at, end_at, event_id) values (3, '7/29/2022', 'RF Test', '9/26/2022', '10/2/2022', 3);
insert into poll (id, title, content, starts_at, end_at, event_id) values (4, '10/3/2022', 'Long-term Customer Relationships', '1/16/2022', '2/25/2022', 4);
insert into poll (id, title, content, starts_at, end_at, event_id) values (5, '6/29/2022', 'RPAS', '10/20/2022', '12/20/2021', 5);
insert into poll (id, title, content, starts_at, end_at, event_id) values (6, '5/6/2022', 'IEC 61850', '12/7/2021', '7/8/2022', 6);
insert into poll (id, title, content, starts_at, end_at, event_id) values (7, '10/26/2022', 'Staff Development', '3/22/2022', '7/21/2022', 7);
insert into poll (id, title, content, starts_at, end_at, event_id) values (8, '7/23/2022', 'Lloyds', '10/29/2022', '12/22/2021', 8);
insert into poll (id, title, content, starts_at, end_at, event_id) values (9, '6/5/2022', 'XNA', '4/17/2022', '5/3/2022', 9);
insert into poll (id, title, content, starts_at, end_at, event_id) values (10, '8/4/2022', 'Basic HTML', '1/23/2022', '5/31/2022', 10);
insert into poll (id, title, content, starts_at, end_at, event_id) values (11, '7/8/2022', 'Dynamics', '11/9/2021', '1/10/2022', 11);
insert into poll (id, title, content, starts_at, end_at, event_id) values (12, '9/21/2022', 'Workforce Management', '5/1/2022', '12/12/2021', 12);
insert into poll (id, title, content, starts_at, end_at, event_id) values (13, '1/8/2022', 'WFC', '7/4/2022', '12/22/2021', 13);
insert into poll (id, title, content, starts_at, end_at, event_id) values (14, '2/4/2022', 'International Sales', '4/9/2022', '12/6/2021', 14);
insert into poll (id, title, content, starts_at, end_at, event_id) values (15, '6/16/2022', 'Oil Industry', '5/27/2022', '3/11/2022', 15);
insert into poll (id, title, content, starts_at, end_at, event_id) values (16, '1/13/2022', 'Jenkins', '12/30/2021', '2/13/2022', 16);
insert into poll (id, title, content, starts_at, end_at, event_id) values (17, '2/13/2022', 'PPPoE', '7/6/2022', '3/6/2022', 17);
insert into poll (id, title, content, starts_at, end_at, event_id) values (18, '8/15/2022', 'TV Production', '1/9/2022', '10/18/2022', 18);
insert into poll (id, title, content, starts_at, end_at, event_id) values (19, '5/21/2022', 'GSM', '6/1/2022', '12/1/2021', 19);
insert into poll (id, title, content, starts_at, end_at, event_id) values (20, '11/28/2021', 'Flight Training', '3/28/2022', '11/6/2021', 20);



insert into poll_vote(id, poll_id, user_id, event_id, option_id, date) values (1, 1, 1, 1, 1, '8/7/2022');
insert into poll_vote(id, poll_id, user_id, event_id, option_id, date) values (2, 2, 2, 2, 2, '5/24/2022');
insert into poll_vote(id, poll_id, user_id, event_id, option_id, date) values (3, 3, 3, 3, 3, '8/13/2022');
insert into poll_vote(id, poll_id, user_id, event_id, option_id, date) values (4, 4, 4, 4, 4, '10/4/2022');
insert into poll_vote(id, poll_id, user_id, event_id, option_id, date) values (5, 5, 5, 5, 5, '8/5/2022');
insert into poll_vote(id, poll_id, user_id, event_id, option_id, date) values (6, 6, 6, 6, 6, '10/16/2022');
insert into poll_vote(id, poll_id, user_id, event_id, option_id, date) values (7, 7, 7, 7, 7, '9/14/2022');
insert into poll_vote(id, poll_id, user_id, event_id, option_id, date) values (8, 8, 8, 8, 8, '4/23/2022');
insert into poll_vote(id, poll_id, user_id, event_id, option_id, date) values (9, 9, 9, 9, 9, '3/21/2022');
insert into poll_vote(id, poll_id, user_id, event_id, option_id, date) values (10, 10, 10, 10, 10, '8/21/2022');
insert into poll_vote(id, poll_id, user_id, event_id, option_id, date) values (11, 11, 11, 11, 11, '8/26/2022');
insert into poll_vote(id, poll_id, user_id, event_id, option_id, date) values (12, 12, 12, 12, 12, '8/26/2022');
insert into poll_vote(id, poll_id, user_id, event_id, option_id, date) values (13, 13, 13, 13, 13, '10/5/2022');
insert into poll_vote(id, poll_id, user_id, event_id, option_id, date) values (14, 14, 14, 14, 14, '4/20/2022');
insert into poll_vote(id, poll_id, user_id, event_id, option_id, date) values (15, 15, 15, 15, 15, '8/30/2022');
insert into poll_vote(id, poll_id, user_id, event_id, option_id, date) values (16, 16, 16, 16, 16, '7/16/2022');
insert into poll_vote(id, poll_id, user_id, event_id, option_id, date) values (17, 17, 17, 17, 17, '8/7/2022');
insert into poll_vote(id, poll_id, user_id, event_id, option_id, date) values (18, 18, 18, 18, 18, '11/30/2021');
insert into poll_vote(id, poll_id, user_id, event_id, option_id, date) values (19, 19, 19, 19, 19, '6/24/2022');
insert into poll_vote(id, poll_id, user_id, event_id, option_id, date) values (20, 20, 20, 20, 20, '3/17/2022');



insert into photo (id, upload_date, image_path, event_id) values (1, '5/2/2022', 'SodalesScelerisqueMauris.jpeg', 1);
insert into photo (id, upload_date, image_path, event_id) values (2, '9/7/2022', 'ViverraDapibusNulla.png', 2);
insert into photo (id, upload_date, image_path, event_id) values (3, '4/14/2022', 'QuamTurpis.png', 3);
insert into photo (id, upload_date, image_path, event_id) values (4, '2/13/2022', 'SemperSapienA.doc', 4);
insert into photo (id, upload_date, image_path, event_id) values (5, '8/31/2022', 'Et.png', 5);
insert into photo (id, upload_date, image_path, event_id) values (6, '12/1/2021', 'InHac.ppt', 6);
insert into photo (id, upload_date, image_path, event_id) values (7, '6/16/2022', 'OdioCurabiturConvallis.ppt', 7);
insert into photo (id, upload_date, image_path, event_id) values (8, '3/28/2022', 'SedInterdumVenenatis.xls', 8);
insert into photo (id, upload_date, image_path, event_id) values (9, '8/9/2022', 'Dignissim.avi', 9);
insert into photo (id, upload_date, image_path, event_id) values (10, '9/6/2022', 'AmetConsectetuer.ppt', 10);
insert into photo (id, upload_date, image_path, event_id) values (11, '10/1/2022', 'Volutpat.jpeg', 11);
insert into photo (id, upload_date, image_path, event_id) values (12, '2/7/2022', 'NullaQuisque.jpeg', 12);
insert into photo (id, upload_date, image_path, event_id) values (13, '3/14/2022', 'TellusNullaUt.ppt', 13);
insert into photo (id, upload_date, image_path, event_id) values (14, '5/10/2022', 'NasceturRidiculus.ppt', 14);
insert into photo (id, upload_date, image_path, event_id) values (15, '1/28/2022', 'In.mp3', 15);
insert into photo (id, upload_date, image_path, event_id) values (16, '5/17/2022', 'Orci.mpeg', 16);
insert into photo (id, upload_date, image_path, event_id) values (17, '12/26/2021', 'PotentiCrasIn.ppt', 17);
insert into photo (id, upload_date, image_path, event_id) values (18, '3/29/2022', 'OdioCrasMi.mp3', 18);
insert into photo (id, upload_date, image_path, event_id) values (19, '5/31/2022', 'EtCommodo.xls', 19);
insert into photo (id, upload_date, image_path, event_id) values (20, '12/25/2021', 'UtDolorMorbi.gif', 20);
insert into photo (id, upload_date, image_path, event_id) values (21, '10/6/2022', 'AmetConsectetuerAdipiscing.mp3', 21);
insert into photo (id, upload_date, image_path, event_id) values (22, '12/6/2021', 'Donec.pdf', 22);
insert into photo (id, upload_date, image_path, event_id) values (23, '2/20/2022', 'FelisSed.avi', 23);
insert into photo (id, upload_date, image_path, event_id) values (24, '6/10/2022', 'Sollicitudin.xls', 24);
insert into photo (id, upload_date, image_path, event_id) values (25, '11/21/2021', 'VolutpatSapienArcu.ppt', 25);
insert into photo (id, upload_date, image_path, event_id) values (26, '10/19/2022', 'PorttitorLacusAt.avi', 26);
insert into photo (id, upload_date, image_path, event_id) values (27, '8/28/2022', 'Phasellus.jpeg', 27);
insert into photo (id, upload_date, image_path, event_id) values (28, '7/8/2022', 'Cursus.pdf', 28);
insert into photo (id, upload_date, image_path, event_id) values (29, '10/2/2022', 'Aenean.xls', 29);
insert into photo (id, upload_date, image_path, event_id) values (30, '3/30/2022', 'MassaQuis.doc', 30);
insert into photo (id, upload_date, image_path, event_id) values (31, '5/31/2022', 'DapibusDolorVel.jpeg', 31);
insert into photo (id, upload_date, image_path, event_id) values (32, '9/27/2022', 'Orci.mp3', 32);
insert into photo (id, upload_date, image_path, event_id) values (33, '9/30/2022', 'NequeLibero.tiff', 33);
insert into photo (id, upload_date, image_path, event_id) values (34, '3/7/2022', 'NonLectusAliquam.doc', 34);
insert into photo (id, upload_date, image_path, event_id) values (35, '8/7/2022', 'Magna.jpeg', 35);
insert into photo (id, upload_date, image_path, event_id) values (36, '3/19/2022', 'PotentiCras.mov', 36);
insert into photo (id, upload_date, image_path, event_id) values (37, '4/10/2022', 'PrimisInFaucibus.mpeg', 37);
insert into photo (id, upload_date, image_path, event_id) values (38, '7/17/2022', 'UtMauris.tiff', 38);
insert into photo (id, upload_date, image_path, event_id) values (39, '1/26/2022', 'Vestibulum.mp3', 39);
insert into photo (id, upload_date, image_path, event_id) values (40, '6/11/2022', 'Urna.ppt', 40);
insert into photo (id, upload_date, image_path, event_id) values (41, '7/9/2022', 'Curabitur.xls', 41);
insert into photo (id, upload_date, image_path, event_id) values (42, '6/8/2022', 'QuamPharetra.doc', 42);
insert into photo (id, upload_date, image_path, event_id) values (43, '9/2/2022', 'PortaVolutpat.txt', 43);
insert into photo (id, upload_date, image_path, event_id) values (44, '1/4/2022', 'Justo.mp3', 44);
insert into photo (id, upload_date, image_path, event_id) values (45, '10/14/2022', 'NuncCommodo.avi', 45);
insert into photo (id, upload_date, image_path, event_id) values (46, '4/10/2022', 'FelisEuSapien.mov', 46);
insert into photo (id, upload_date, image_path, event_id) values (47, '5/5/2022', 'VestibulumVestibulum.txt', 47);
insert into photo (id, upload_date, image_path, event_id) values (48, '10/29/2022', 'Vestibulum.tiff', 48);
insert into photo (id, upload_date, image_path, event_id) values (49, '10/16/2022', 'Orci.tiff', 49);
insert into photo (id, upload_date, image_path, event_id) values (50, '7/3/2022', 'PhasellusId.avi', 50);

insert into notification (notifications_id, text, date, user_id) values (1, 'Poll Notification', '1/18/2022', 14);
insert into notification (notifications_id, text, date, user_id) values (2, 'Report Notification', '5/21/2022', 20);
insert into notification (notifications_id, text, date, user_id) values (3, 'Comment Notification', '1/29/2022', 2);
insert into notification (notifications_id, text, date, user_id) values (4, 'Event Notification', '2/10/2022', 14);
insert into notification (notifications_id, text, date, user_id) values (5, 'Comment Notification', '3/17/2022', 20);
insert into notification (notifications_id, text, date, user_id) values (6, 'Event Notification', '2/19/2022', 8);
insert into notification (notifications_id, text, date, user_id) values (7, 'Report Notification', '9/15/2022', 11);
insert into notification (notifications_id, text, date, user_id) values (8, 'Report Notification', '8/5/2022', 10);
insert into notification (notifications_id, text, date, user_id) values (9, 'Comment Notification', '2/10/2022', 8);
insert into notification (notifications_id, text, date, user_id) values (10, 'Report Notification', '4/28/2022', 4);
insert into notification (notifications_id, text, date, user_id) values (11, 'Report Notification', '9/12/2022', 8);
insert into notification (notifications_id, text, date, user_id) values (12, 'Event Notification', '3/27/2022', 8);
insert into notification (notifications_id, text, date, user_id) values (13, 'Comment Notification', '7/21/2022', 1);
insert into notification (notifications_id, text, date, user_id) values (14, 'Report Notification', '12/22/2021', 20);
insert into notification (notifications_id, text, date, user_id) values (15, 'Poll Notification', '2/28/2022', 8);
insert into notification (notifications_id, text, date, user_id) values (16, 'Comment Notification', '9/30/2022', 12);
insert into notification (notifications_id, text, date, user_id) values (17, 'Poll Notification', '3/31/2022', 10);
insert into notification (notifications_id, text, date, user_id) values (18, 'Report Notification', '8/8/2022', 6);
insert into notification (notifications_id, text, date, user_id) values (19, 'Event Notification', '4/14/2022', 5);
insert into notification (notifications_id, text, date, user_id) values (20, 'Poll Notification', '7/18/2022', 19);
